DB5LITEBIN;db5lite;IP-COUNTRY-REGION-CITY-LATITUDE-LONGITUDE Database
DB3LITEBIN;db3lite;IP-COUNTRY-REGION-CITY Database
DB3LITEBINIPV6;db3liteipv6;IPV6-COUNTRY-REGION-CITY Database
DB1LITEBIN;db1lite;IP-COUNTRY Database
DB1LITEBINIPV6;db1liteipv6;IPV6-COUNTRY Database
PX7LITEBIN;px7lite;IP2Proxy LITE IP-PROXYTYPE-COUNTRY-REGION-CITY-ISP-DOMAIN-USAGETYPE-ASN Database
PX6LITEBIN;px6lite;IP2Proxy LITE IP-PROXYTYPE-COUNTRY-REGION-CITY-ISP-DOMAIN-USAGETYPE Database
PX4LITEBIN;px4lite;IP2Proxy LITE IP-PROXYTYPE-COUNTRY-REGION-CITY-ISP Database
DB11LITEBINIPV6;db11liteipv6;IPV6-COUNTRY-REGION-CITY-LATITUDE-LONGITUDE-ZIPCODE-TIMEZONE Database
PX5LITEBIN;px5lite;IP2Proxy LITE IP-PROXYTYPE-COUNTRY-REGION-CITY-ISP-DOMAIN Database
PX1LITEBIN;px1lite;IP2Proxy LITE IP-COUNTRY Database
DB9LITEBINIPV6;db9liteipv6;IPV6-COUNTRY-REGION-CITY-LATITUDE-LONGITUDE-ZIPCODE Database
PX2LITEBIN;px2lite;IP2Proxy LITE IP-PROXYTYPE-COUNTRY Database
PX3LITEBIN;px3lite;IP2Proxy LITE IP-PROXYTYPE-COUNTRY-REGION-CITY Database
DB5LITEBINIPV6;db5liteipv6;IPV6-COUNTRY-REGION-CITY-LATITUDE-LONGITUDE Database
PX8LITEBIN;px8lite;IP2Proxy LITE IP-PROXYTYPE-COUNTRY-REGION-CITY-ISP-DOMAIN-USAGETYPE-ASN-LASTSEEN Database
DB11LITEBIN;db11lite;IP-COUNTRY-REGION-CITY-LATITUDE-LONGITUDE-ZIPCODE-TIMEZONE Database
DB9LITEBIN;db9lite;IP-COUNTRY-REGION-CITY-LATITUDE-LONGITUDE-ZIPCODE Database
